job_id,inferred,type
3749367605,1,401(k)
3756139979,1,Disability insurance
3755101875,0,Tuition assistance
3757739440,1,Disability insurance
3757489226,1,Vision insurance
3756133564,0,Dental insurance
3757496121,0,Child care support
3756108001,1,Disability insurance
3749351535,1,Disability insurance
3757775144,1,Tuition assistance
3755142040,0,Medical insurance
3755142040,0,Vision insurance
3755142040,0,Dental insurance
3755142040,0,401(k)
3757912818,1,401(k)
3757481229,1,401(k)
3756161208,1,401(k)
3755596223,0,Medical insurance
3755596223,0,Vision insurance
3755596223,0,Dental insurance
3757735288,1,401(k)
3749902386,1,401(k)
3757731901,1,Disability insurance
3745466458,1,Tuition assistance
3757732677,1,401(k)
3756110291,1,401(k)
3755587163,0,Medical insurance
3755587163,0,Vision insurance
3755587163,0,Dental insurance
3755587163,0,401(k)
3755580146,1,401(k)
3755580146,1,Disability insurance
3757470120,1,401(k)
3756115270,0,Medical insurance
3756115270,0,401(k)
3757448884,1,Vision insurance
3757448884,1,Disability insurance
3757448884,1,401(k)
3756134276,1,401(k)
3757474040,1,Dental insurance
3757474040,1,Tuition assistance
3757486974,0,Medical insurance
3757486974,0,Vision insurance
3757486974,0,Dental insurance
3757486974,0,401(k)
3757731577,1,Tuition assistance
3755587969,1,401(k)
3757491000,1,Dental insurance
3757491000,1,Disability insurance
3755593452,0,Medical insurance
3755593452,0,Vision insurance
3755593452,0,Dental insurance
3755593452,0,Child care support
3755593452,0,401(k)
3755593452,0,Disability insurance
3757756041,1,401(k)
3749373943,1,401(k)
3757491052,1,401(k)
3755593294,1,401(k)
3757494286,1,401(k)
3757489736,0,Medical insurance
3757489736,0,Vision insurance
3757489736,0,Dental insurance
3757489736,0,401(k)
3757916530,1,401(k)
3757916530,1,Student loan assistance
3755598285,1,Medical insurance
3749900931,1,Vision insurance
3749900931,1,Tuition assistance
3755581371,1,Medical insurance
3757484812,1,Vision insurance
3755583129,1,Vision insurance
3757773509,1,401(k)
3757773509,1,Medical insurance
3757750402,1,401(k)
3757931835,1,Vision insurance
3757931835,1,401(k)
3757931835,1,Disability insurance
3757916390,1,401(k)
3757911713,1,401(k)
3757933843,1,401(k)
3757933843,1,Vision insurance
3756927125,1,401(k)
3757462869,1,401(k)
3756103261,1,401(k)
3756103261,1,Disability insurance
3749370063,1,401(k)
3749370063,1,Disability insurance
3757915688,1,401(k)
3757915688,1,Disability insurance
3757743948,1,401(k)
3757906759,1,401(k)
3757906759,1,Disability insurance
3757457610,0,Medical insurance
3757457610,0,Vision insurance
3757457610,0,Dental insurance
3757457610,0,401(k)
3757457513,1,401(k)
3755585539,0,401(k)
3757754220,1,401(k)
3755132366,0,Medical insurance
3755132366,0,Vision insurance
3755132366,0,Dental insurance
3755132366,0,401(k)
3755586720,1,401(k)
3755586720,1,Disability insurance
3755586720,1,Tuition assistance
3755582970,1,401(k)
3757484702,1,Vision insurance
3757499047,1,Commuter benefits
3754928320,0,Medical insurance
3754928320,0,Vision insurance
3754928320,0,Dental insurance
3754928320,0,401(k)
3754928320,0,Paid maternity leave
3754928320,0,Paid paternity leave
3754928320,0,Disability insurance
3757908501,1,401(k)
3757705165,0,Medical insurance
3757705165,0,Vision insurance
3757705165,0,Dental insurance
3757705165,0,401(k)
3757705165,0,Paid paternity leave
3757705165,0,Paid maternity leave
3757705165,0,Pension plan
3757705165,0,Disability insurance
3756106016,1,Vision insurance
3756106016,1,Disability insurance
3756106016,1,401(k)
3757489321,1,401(k)
3757935381,1,401(k)
3757935381,1,Vision insurance
3757757090,1,401(k)
3757757090,1,Commuter benefits
3749381012,1,Disability insurance
3749381012,1,401(k)
3756151417,1,401(k)
3756118472,0,Medical insurance
3756118472,0,Vision insurance
3756118472,0,Dental insurance
3756118472,0,Pension plan
3756118472,0,Paid maternity leave
3756118472,0,Paid paternity leave
3756118472,0,Disability insurance
3757490136,1,Vision insurance
3757710114,1,401(k)
3757710114,1,Disability insurance
3757914615,1,401(k)
3749372194,1,401(k)
3755145538,0,Medical insurance
3755145538,0,Vision insurance
3755145538,0,Dental insurance
3755145538,0,401(k)
3755145538,0,Pension plan
3755145538,0,Paid maternity leave
3755145538,0,Tuition assistance
3755145538,0,Disability insurance
3588924497,0,Medical insurance
3588924497,0,Vision insurance
3588924497,0,Dental insurance
3588924497,0,401(k)
3749357264,1,Vision insurance
3749357264,1,Disability insurance
3756924285,1,Dental insurance
3756924285,1,401(k)
3756113536,1,401(k)
3756113536,1,Commuter benefits
3756113536,1,Vision insurance
3756116088,0,Medical insurance
3756116088,0,Vision insurance
3756116088,0,Dental insurance
3756116088,0,401(k)
3757408402,0,Medical insurance
3757408402,0,Vision insurance
3757408402,0,Dental insurance
3757408402,0,401(k)
3757408402,0,Paid maternity leave
3757408402,0,Paid paternity leave
3749904817,1,Vision insurance
3756114697,1,401(k)
3756114697,1,Vision insurance
3756116101,0,Medical insurance
3756116101,0,Vision insurance
3756116101,0,Dental insurance
3756116101,0,401(k)
3755138299,0,Medical insurance
3755138299,0,Vision insurance
3755138299,0,Dental insurance
3755138299,0,401(k)
3755138299,0,Paid maternity leave
3755138299,0,Paid paternity leave
3755138299,0,Tuition assistance
3755138299,0,Disability insurance
3749908494,1,401(k)
3749908494,1,Disability insurance
3749376753,1,Disability insurance
3749376753,1,401(k)
3749376753,1,Tuition assistance
3755597086,1,401(k)
3757321027,0,Medical insurance
3757321027,0,Vision insurance
3757321027,0,Dental insurance
3757321027,0,401(k)
3757321027,0,Disability insurance
3757342802,0,Medical insurance
3757342802,0,Vision insurance
3757342802,0,Dental insurance
3757342802,0,Paid maternity leave
3757342802,0,Pension plan
3757342802,0,Paid paternity leave
3757342802,0,Tuition assistance
3757342802,0,Disability insurance
3749364402,1,Medical insurance
3757744852,1,Vision insurance
3749350360,0,Medical insurance
3749350360,0,Vision insurance
3749350360,0,Dental insurance
3749350360,0,401(k)
3755588356,1,401(k)
3755173960,1,401(k)
3755173960,1,Medical insurance
3755173960,1,Paid paternity leave
3756107112,0,Medical insurance
3757903570,1,401(k)
3757903570,1,Dental insurance
3756109195,1,401(k)
3756109195,1,Disability insurance
3757913890,1,401(k)
3757913890,1,Disability insurance
3757486182,1,401(k)
3749383913,1,401(k)
3757916657,1,401(k)
3757916657,1,Disability insurance
3756141964,1,Disability insurance
3756141964,1,401(k)
3755577991,0,Medical insurance
3755577991,0,Vision insurance
3755577991,0,Dental insurance
3755577991,0,401(k)
3755577991,0,Paid maternity leave
3755577991,0,Commuter benefits
3755577991,0,Student loan assistance
3755577991,0,Tuition assistance
3755577991,0,Disability insurance
3757731433,1,Medical insurance
3757731433,1,Disability insurance
3756100648,1,401(k)
3756100648,1,Medical insurance
3756100648,1,Disability insurance
3749384838,1,401(k)
3757480424,1,401(k)
3757488733,1,401(k)
3757909739,1,401(k)
3757909739,1,Vision insurance
3757489629,1,Vision insurance
3757489629,1,Disability insurance
3757489629,1,401(k)
3756135406,1,401(k)
3757907398,1,401(k)
3756129992,1,401(k)
3756108815,1,401(k)
3756108815,1,Medical insurance
3756108815,1,Vision insurance
3727230862,0,Medical insurance
3727230862,0,Vision insurance
3727230862,0,Dental insurance
3727230862,0,401(k)
3756112878,1,401(k)
3755577906,1,401(k)
3757740525,0,Medical insurance
3757740525,0,Vision insurance
3757740525,0,Dental insurance
3757740525,0,401(k)
3757740525,0,Paid maternity leave
3757740525,0,Pension plan
3757740525,0,Paid paternity leave
3757740525,0,Disability insurance
3749376388,1,Medical insurance
3749376388,1,401(k)
3757900104,1,401(k)
3749348382,0,Medical insurance
3749348382,0,Vision insurance
3749348382,0,Dental insurance
3749348382,0,401(k)
3757456775,1,401(k)
3756112678,1,401(k)
3756112678,1,Disability insurance
3757906412,1,401(k)
3757480049,1,Commuter benefits
3757480049,1,401(k)
3757458530,1,401(k)
3757915000,1,401(k)
3757732420,1,Disability insurance
3755163954,0,Medical insurance
3755163954,0,Vision insurance
3755163954,0,Dental insurance
3755163954,0,401(k)
3755163954,0,Disability insurance
3755163954,0,Paid maternity leave
3755163954,0,Paid paternity leave
3755589661,1,401(k)
3756109394,1,Pension plan
3756109394,1,Medical insurance
3756109394,1,Dental insurance
3756109394,1,Vision insurance
3756109394,1,Disability insurance
3755589020,1,401(k)
3749355544,1,401(k)
3757795725,1,Vision insurance
3757795725,1,Disability insurance
3755584133,1,Paid paternity leave
3755584133,1,Disability insurance
3757799511,1,Vision insurance
3757799511,1,Disability insurance
3756109271,1,401(k)
3755596009,1,401(k)
3754999423,0,Dental insurance
3754999423,0,Vision insurance
3754999423,0,Medical insurance
3755596016,1,401(k)
3757774472,1,401(k)
3757744157,0,Medical insurance
3757744157,0,Vision insurance
3757744157,0,Dental insurance
3757744157,0,401(k)
3755108136,1,Vision insurance
3757932846,1,401(k)
3757932846,1,Vision insurance
3757932846,1,Disability insurance
3757458574,1,401(k)
3749358475,1,401(k)
3757731647,1,401(k)
3757489335,1,Vision insurance
3757462511,1,401(k)
3757902595,1,401(k)
3757484834,0,Medical insurance
3757484834,0,Vision insurance
3757484834,0,Dental insurance
3757484834,0,401(k)
3757484834,0,Tuition assistance
3757484834,0,Disability insurance
3757484834,0,Paid maternity leave
3757484834,0,Paid paternity leave
3755593080,1,401(k)
3757481823,1,401(k)
3757481823,1,Medical insurance
3757481823,1,Vision insurance
3757753725,1,401(k)
3757753725,1,Disability insurance
3757901678,1,401(k)
3757462165,1,401(k)
3755585714,0,Medical insurance
3755585714,0,Vision insurance
3755585714,0,Dental insurance
3757748594,1,Vision insurance
3757748594,1,Disability insurance
3757459860,1,401(k)
3754990147,0,Medical insurance
3754990147,0,401(k)
3754990147,0,Paid maternity leave
3754990147,0,Paid paternity leave
3754990147,0,Disability insurance
3757720497,1,Dental insurance
3757720497,1,Vision insurance
3757799995,1,401(k)
3757491851,1,Medical insurance
3757491851,1,Disability insurance
3756133350,1,Vision insurance
3755580343,1,Paid maternity leave
3755580343,1,401(k)
3756113443,1,401(k)
3756113443,1,Disability insurance
3757473018,1,401(k)
3757473018,1,Medical insurance
3757914937,1,401(k)
3757914937,1,Medical insurance
3757914937,1,Dental insurance
3757914937,1,Vision insurance
3757422365,1,401(k)
3757422365,1,Disability insurance
3757722074,1,Disability insurance
3755591450,1,401(k)
3757912173,1,401(k)
3749355199,1,Medical insurance
3757792762,1,401(k)
3757914685,1,401(k)
3757914685,1,Disability insurance
3749906295,1,401(k)
3749906295,1,Disability insurance
3749906295,1,Tuition assistance
3757442243,0,Medical insurance
3757442243,0,Vision insurance
3757442243,0,Dental insurance
3757442243,0,401(k)
3757442243,0,Pension plan
3757442243,0,Paid maternity leave
3757442243,0,Paid paternity leave
3757934318,1,Dental insurance
3757934318,1,Disability insurance
3757934318,1,Medical insurance
3757934318,1,Vision insurance
3756116107,0,Medical insurance
3756116107,0,Vision insurance
3756116107,0,Dental insurance
3756116107,0,401(k)
3756116107,0,Disability insurance
3756116107,0,Tuition assistance
3757906463,1,Vision insurance
3757462161,0,Medical insurance
3757462161,0,Vision insurance
3757462161,0,Dental insurance
3757462161,0,401(k)
3757437599,0,401(k)
3757437599,0,Dental insurance
3757437599,0,Paid maternity leave
3757437599,0,Student loan assistance
3757437599,0,Commuter benefits
3757437599,0,Child care support
3757437599,0,Vision insurance
3757437599,0,Medical insurance
3757437599,0,Pension plan
3757437599,0,Paid paternity leave
3757437599,0,Tuition assistance
3757437599,0,Disability insurance
3757496196,1,Vision insurance
3757496196,1,401(k)
3755583896,1,401(k)
3757494990,1,Disability insurance
3757494990,1,401(k)
3757458512,1,401(k)
3755598705,1,401(k)
3757738439,1,Disability insurance
3757730864,1,Tuition assistance
3757742251,1,401(k)
3757903560,1,401(k)
3757903560,1,Dental insurance
3757723913,1,401(k)
3755590224,1,401(k)
3757737160,1,401(k)
3757737160,1,Medical insurance
3757463900,1,401(k)
3757463900,1,Disability insurance
3751181670,0,Medical insurance
3751181670,0,Dental insurance
3751181670,0,401(k)
3757745109,1,401(k)
3757745109,1,Disability insurance
3756111919,0,Medical insurance
3756111919,0,Vision insurance
3756111919,0,401(k)
3756111919,0,Commuter benefits
3757496628,1,401(k)
3757496628,1,Disability insurance
3757496628,1,Commuter benefits
3757492626,1,401(k)
3757492626,1,Tuition assistance
3757912492,1,Vision insurance
3757912492,1,Disability insurance
3756150450,1,401(k)
3757467380,1,Dental insurance
3757467380,1,Medical insurance
3757467380,1,Vision insurance
3757917259,1,401(k)
3756139961,1,Disability insurance
3756139961,1,401(k)
3749381978,1,401(k)
3757908628,1,401(k)
3757733618,1,Commuter benefits
3757733618,1,401(k)
3756110948,1,401(k)
3757490143,1,Vision insurance
3757758056,1,401(k)
3749902605,1,401(k)
3757736154,1,401(k)
3749399674,1,Medical insurance
3755589706,0,Medical insurance
3755589706,0,Vision insurance
3755589706,0,Dental insurance
3755589706,0,401(k)
3755589706,1,Disability insurance
3757494562,1,401(k)
3757496252,1,401(k)
3756132109,0,Medical insurance
3756132109,0,Vision insurance
3756132109,0,Dental insurance
3756132109,0,401(k)
3757752826,1,401(k)
3757752826,1,Disability insurance
3757905806,1,Disability insurance
3757905806,1,401(k)
3756104594,1,401(k)
3757745854,0,Medical insurance
3757745854,0,Vision insurance
3757745854,0,Dental insurance
3757745854,0,401(k)
3757492186,1,Medical insurance
3757492186,1,Dental insurance
3757492186,1,Vision insurance
3757492186,1,401(k)
3757492186,1,Paid maternity leave
3757492186,1,Paid paternity leave
3757492186,1,Commuter benefits
3757475907,0,Medical insurance
3757475907,0,Vision insurance
3757475907,0,Dental insurance
3757475907,0,401(k)
3757475907,0,Pension plan
3757475907,0,Child care support
3757475907,0,Paid maternity leave
3757475907,0,Paid paternity leave
3757475907,0,Commuter benefits
3757475907,0,Disability insurance
3755574258,0,Medical insurance
3755574258,0,Vision insurance
3755574258,0,Dental insurance
3755574258,0,401(k)
3755574258,0,Tuition assistance
3757448845,0,Dental insurance
3757448845,0,401(k)
3757448845,0,Vision insurance
3757448845,0,Medical insurance
3757448845,0,Disability insurance
3749355681,1,Dental insurance
3754855211,1,401(k)
3757730903,1,Dental insurance
3757730903,1,Tuition assistance
3754914410,0,Medical insurance
3754914410,0,Vision insurance
3754914410,0,Dental insurance
3754914410,0,401(k)
3757902734,1,401(k)
3757468020,1,Medical insurance
3757456848,1,401(k)
3756113317,1,401(k)
3756113317,1,Disability insurance
3757770840,1,401(k)
3757770840,1,Medical insurance
3757713013,1,401(k)
3757733721,0,Medical insurance
3757733721,0,Vision insurance
3757733721,0,Dental insurance
3757733721,0,401(k)
3757733721,0,Paid paternity leave
3757733721,0,Paid maternity leave
3757733721,0,Disability insurance
3749904387,1,Disability insurance
3749904387,1,401(k)
3749904387,1,Tuition assistance
3757746768,0,Medical insurance
3757746768,0,Vision insurance
3757746768,0,Dental insurance
3757746768,0,Pension plan
3755596080,0,Medical insurance
3755596080,0,Vision insurance
3755596080,0,Dental insurance
3755596080,0,401(k)
3755596080,1,Disability insurance
3757797287,1,401(k)
3757420509,1,401(k)
3751173112,0,Medical insurance
3751173112,0,Vision insurance
3751173112,0,Dental insurance
3751173112,0,401(k)
3757485608,1,401(k)
3757485608,1,Medical insurance
3756104924,1,Disability insurance
3756104924,1,401(k)
3756115299,0,Medical insurance
3756115299,0,Vision insurance
3756115299,0,Dental insurance
3756115299,0,401(k)
3756113634,1,401(k)
3756150363,1,Medical insurance
3757740070,0,Medical insurance
3757740070,0,Vision insurance
3757740070,0,Dental insurance
3757740070,0,401(k)
3757496520,1,401(k)
3757496520,1,Disability insurance
3755589632,1,Disability insurance
3756900867,1,401(k)
3756900867,1,Vision insurance
3749902434,1,Pension plan
3756114296,1,401(k)
3749362476,1,401(k)
3757916171,1,401(k)
3757496078,1,401(k)
3757729824,1,401(k)
3757729824,1,Medical insurance
3757729824,1,Vision insurance
3757729824,1,Dental insurance
3757726895,1,401(k)
3756159928,1,401(k)
3757723485,1,Medical insurance
3756104137,1,401(k)
3756104137,1,Medical insurance
3756104137,1,Vision insurance
3756107613,0,Medical insurance
3756107613,0,Vision insurance
3756107613,0,Dental insurance
3756107613,0,401(k)
3756107613,0,Disability insurance
3757463915,1,401(k)
3757463915,1,Medical insurance
3755590685,1,401(k)
3755590685,1,Vision insurance
3757494333,1,401(k)
3756108525,1,401(k)
3756108525,1,Medical insurance
3755577928,0,Medical insurance
3755577928,0,Vision insurance
3755577928,0,Dental insurance
3755577928,0,401(k)
3755577928,0,Paid maternity leave
3755577928,0,Commuter benefits
3755592305,1,401(k)
3757911555,1,401(k)
3757911555,1,Vision insurance
3757919239,1,401(k)
3757919239,1,Paid paternity leave
3754351567,0,Medical insurance
3754351567,0,Vision insurance
3754351567,0,Dental insurance
3754351567,0,401(k)
3754351567,0,Child care support
3754351567,0,Pension plan
3754351567,0,Student loan assistance
3754351567,0,Disability insurance
3754351567,0,Tuition assistance
3754351567,0,Paid paternity leave
3757757142,1,401(k)
3757731923,1,Student loan assistance
3755580612,1,Medical insurance
3755580612,1,Vision insurance
3755591784,1,401(k)
3757915521,1,Commuter benefits
3757915521,1,401(k)
3757745533,1,401(k)
3757494241,1,401(k)
3757495938,1,401(k)
3757495938,1,Paid maternity leave
3755590981,1,401(k)
3757706713,1,Vision insurance
3757706713,1,Disability insurance
3756793733,1,401(k)
3755589767,1,Medical insurance
3755589767,1,401(k)
3756175898,1,401(k)
3755576935,1,401(k)
3757908366,1,401(k)
3755582927,0,Medical insurance
3755582927,0,Vision insurance
3755582927,0,Dental insurance
3755582927,0,401(k)
3749399900,1,Medical insurance
3757415157,1,401(k)
3757486804,1,Vision insurance
3757486804,1,401(k)
3757911892,1,401(k)
3756148708,1,401(k)
3757489341,1,Vision insurance
3757916862,1,401(k)
3757483466,1,401(k)
3757483466,1,Paid paternity leave
3756153129,1,401(k)
3757776325,1,401(k)
3757456792,1,401(k)
3757730882,1,401(k)
3756132105,0,Medical insurance
3756132105,0,Vision insurance
3756132105,0,401(k)
3756132105,0,Paid maternity leave
3756132105,0,Paid paternity leave
3757773566,1,Medical insurance
3757773566,1,Dental insurance
3757773566,1,Vision insurance
3756151524,1,401(k)
3757917058,1,Vision insurance
3757917058,1,Disability insurance
3757481539,0,Medical insurance
3757481539,0,Vision insurance
3757481539,0,Dental insurance
3757481539,0,401(k)
3757481539,0,Pension plan
3757481539,0,Paid maternity leave
3757481539,0,Paid paternity leave
3757481539,0,Disability insurance
3757914692,1,401(k)
3757770834,1,Medical insurance
3757770834,1,Dental insurance
3757770834,1,Vision insurance
3757770834,1,401(k)
3756144521,1,Disability insurance
3756144521,1,401(k)
3757734080,0,Medical insurance
3757734080,0,Dental insurance
3757734080,0,401(k)
3757734080,0,Tuition assistance
3757734080,0,Disability insurance
3757463780,0,Medical insurance
3757463780,0,Vision insurance
3757463780,0,Dental insurance
3757463780,0,401(k)
3757463780,0,Paid maternity leave
3757463780,0,Disability insurance
3757463780,0,Pension plan
3757463780,0,Commuter benefits
3756134180,1,Paid maternity leave
3756134180,1,401(k)
3757498558,1,Disability insurance
3756105873,1,Pension plan
3756105873,1,Medical insurance
3756105873,1,Dental insurance
3756105873,1,Vision insurance
3756105873,1,Disability insurance
3757799840,1,401(k)
3755584810,1,401(k)
3757791857,1,401(k)
3756114611,0,Medical insurance
3756114611,0,Vision insurance
3756114611,0,Dental insurance
3756114611,0,401(k)
3756114611,0,Disability insurance
3756114033,1,401(k)
3757494646,0,Medical insurance
3757494646,0,Vision insurance
3757494646,0,Dental insurance
3757494646,0,401(k)
3757737777,1,401(k)
3749906909,1,401(k)
3749906909,1,Dental insurance
3757496306,1,401(k)
3755595111,1,401(k)
3757470305,0,Dental insurance
3757470305,0,Vision insurance
3757470305,0,Medical insurance
3757470305,0,Disability insurance
3756109328,0,Medical insurance
3756109328,0,Dental insurance
3756109328,0,401(k)
3756109328,0,Tuition assistance
3756149750,1,401(k)
3757468650,1,401(k)
3757495383,1,Medical insurance
3757495383,1,Dental insurance
3757495383,1,Vision insurance
3756146199,1,Disability insurance
3756146199,1,401(k)
3756114402,1,Medical insurance
3756114402,1,Dental insurance
3756114402,1,Vision insurance
3756114402,1,Tuition assistance
3756114402,1,401(k)
3757459904,1,401(k)
3757459904,1,Disability insurance
3757715910,0,Medical insurance
3757715910,0,Vision insurance
3757715910,0,Dental insurance
3757715910,1,Disability insurance
3757715910,1,401(k)
3757715910,1,Commuter benefits
3741170152,0,Medical insurance
3741170152,0,Vision insurance
3741170152,0,Dental insurance
3741170152,0,401(k)
3757736744,1,Disability insurance
3755129025,0,Medical insurance
3755129025,0,Vision insurance
3755129025,0,Dental insurance
3755129025,0,401(k)
3757736765,1,Tuition assistance
3755596004,1,401(k)
3757465879,0,Medical insurance
3757465879,0,Vision insurance
3757465879,0,Dental insurance
3757465879,0,401(k)
3757731083,1,401(k)
3757731083,1,Tuition assistance
3755592546,0,Medical insurance
3755592546,0,Vision insurance
3755592546,0,Dental insurance
3755592546,0,401(k)
3756114357,1,401(k)
3755179951,0,Medical insurance
3755179951,0,Vision insurance
3755179951,0,Dental insurance
3755179951,0,401(k)
3749387608,1,Vision insurance
3755556807,1,Vision insurance
3757916660,1,401(k)
3757471912,1,Commuter benefits
3757471912,1,401(k)
3757934944,1,401(k)
3757457504,1,401(k)
3757488815,0,Medical insurance
3757488815,0,401(k)
3757488815,1,Vision insurance
3755174324,1,401(k)
3749375702,1,Vision insurance
3749375702,1,401(k)
3756771497,1,Vision insurance
3756771497,1,401(k)
3756771497,1,Commuter benefits
3757487312,1,Medical insurance
3757487312,1,401(k)
3756134268,1,401(k)
3756134268,1,Tuition assistance
3749399766,1,401(k)
3756152152,1,401(k)
3756152152,1,Commuter benefits
3756152152,1,Tuition assistance
3757906165,1,401(k)
3757497408,1,401(k)
3757498059,1,401(k)
3757742401,1,Vision insurance
3757489938,1,401(k)
3757911388,1,401(k)
3757798103,1,401(k)
3749349384,1,401(k)
3749349384,1,Commuter benefits
3749349384,1,Disability insurance
3757467440,0,Medical insurance
3757467440,0,Vision insurance
3757467440,0,Dental insurance
3757735060,0,Medical insurance
3757735060,0,Vision insurance
3757735060,0,Dental insurance
3757735060,0,401(k)
3757735060,0,Paid maternity leave
3757735060,0,Tuition assistance
3757735060,0,Commuter benefits
3757735060,0,Disability insurance
3757796968,1,401(k)
3749377349,1,Vision insurance
3749377349,1,401(k)
3749377349,1,Paid maternity leave
3757906520,1,401(k)
3757720372,0,Medical insurance
3757720372,0,Vision insurance
3757720372,0,Dental insurance
3757720372,0,401(k)
3757720372,0,Paid paternity leave
3757720372,0,Paid maternity leave
3757720372,0,Child care support
3757720372,0,Pension plan
3757720372,0,Commuter benefits
3757720372,0,Student loan assistance
3757720372,0,Disability insurance
3757720372,0,Tuition assistance
3756160510,1,401(k)
3756160510,1,Commuter benefits
3749364956,1,401(k)
3755112278,0,Medical insurance
3755112278,0,Vision insurance
3755112278,0,Dental insurance
3755112278,0,Paid maternity leave
3755112278,0,Paid paternity leave
3757775336,1,401(k)
3757905875,1,401(k)
3757489701,1,Medical insurance
3757489701,1,Dental insurance
3756178598,1,Medical insurance
3756178598,1,401(k)
3756136172,1,Vision insurance
3755164547,1,401(k)
3756147706,1,401(k)
3756147706,1,Vision insurance
3757739598,1,Medical insurance
3757739598,1,Disability insurance
3757477692,1,401(k)
3749901240,1,401(k)
3755593759,1,Vision insurance
3755578771,0,Medical insurance
3755578771,0,401(k)
3755578771,0,Dental insurance
3755111115,0,Medical insurance
3755111115,0,Vision insurance
3755111115,0,Dental insurance
3755111115,0,401(k)
3757485925,0,Medical insurance
3757485925,0,Vision insurance
3757485925,0,Dental insurance
3757485925,0,401(k)
3749901766,1,401(k)
3756143698,1,Disability insurance
3756143698,1,401(k)
3756144527,1,Disability insurance
3756144527,1,401(k)
3757914689,1,401(k)
3757436519,0,401(k)
3757436519,0,Medical insurance
3755159029,0,Medical insurance
3755159029,0,401(k)
3757723569,1,401(k)
3757723569,1,Paid paternity leave
3757901707,1,401(k)
3757741309,1,401(k)
3757741309,1,Disability insurance
3757746220,1,Medical insurance
3757746220,1,Vision insurance
3757746220,1,Dental insurance
3757721828,1,Dental insurance
3749371767,1,401(k)
3756114387,1,401(k)
3749354651,1,401(k)
3755333110,0,Medical insurance
3755333110,0,Vision insurance
3755333110,0,Dental insurance
3755333110,0,401(k)
3755333110,0,Pension plan
3755333110,1,Commuter benefits
3757739008,1,Vision insurance
3757739008,1,401(k)
3756151366,1,Commuter benefits
3756151366,1,Disability insurance
3756151366,1,401(k)
3749912644,1,Medical insurance
3757478590,1,401(k)
3757927991,1,401(k)
3755118033,0,Medical insurance
3755118033,0,Dental insurance
3755118033,0,401(k)
3755118033,0,Disability insurance
3757733064,1,Medical insurance
3757733064,1,Vision insurance
3757733064,1,401(k)
3756136115,1,Medical insurance
3757466619,1,Tuition assistance
3757496254,1,401(k)
3756112887,0,Medical insurance
3756112887,0,Vision insurance
3756112887,0,Dental insurance
3756112887,0,401(k)
3756112887,0,Paid maternity leave
3756172832,1,Vision insurance
3755578891,0,401(k)
3755578891,0,Dental insurance
3755578891,0,Vision insurance
3755578891,0,Medical insurance
3755578891,0,Child care support
3755578891,0,Paid maternity leave
3755578891,0,Paid paternity leave
3755578891,0,Disability insurance
3755578891,0,Commuter benefits
3756132390,1,401(k)
3756109725,1,401(k)
3755579574,0,Medical insurance
3755579574,0,401(k)
3755579574,0,Dental insurance
3757901407,1,401(k)
3757478723,1,Paid paternity leave
3757478723,1,Dental insurance
3757498929,0,Medical insurance
3757498929,0,Vision insurance
3757498929,0,Dental insurance
3757498929,0,401(k)
3756137672,1,401(k)
3757733674,1,Vision insurance
3757733674,1,Disability insurance
3757757089,1,401(k)
3757757089,1,Commuter benefits
3757728753,1,Vision insurance
3757728753,1,Paid paternity leave
3755586534,1,401(k)
3755576871,1,401(k)
3755576871,1,Commuter benefits
3755593282,0,Medical insurance
3755593282,0,Vision insurance
3755593282,0,Dental insurance
3755593282,0,401(k)
3755593282,0,Paid maternity leave
3755593282,0,Paid paternity leave
3755593282,0,Child care support
3755593282,0,Disability insurance
3757489304,1,Vision insurance
3757934327,1,401(k)
3757934327,1,Vision insurance
3757934327,1,Disability insurance
3755306915,1,Medical insurance
3755306915,1,Dental insurance
3755306915,1,Tuition assistance
3757700545,1,401(k)
3757700545,1,Disability insurance
3755584041,0,Medical insurance
3755584041,0,Vision insurance
3755584041,0,Dental insurance
3755584041,0,401(k)
3755584041,0,Tuition assistance
3755584041,0,Disability insurance
3749399797,1,401(k)
3757462091,0,Medical insurance
3757462091,0,Vision insurance
3757462091,0,Dental insurance
3757462091,0,401(k)
3754988728,1,401(k)
3754988728,1,Tuition assistance
3756151433,1,401(k)
3749915615,1,401(k)
3749358680,1,Vision insurance
3749358680,1,401(k)
3749907274,1,401(k)
3749907274,1,Medical insurance
3757906550,1,401(k)
3755146132,1,Vision insurance
3755146132,1,401(k)
3757493627,1,401(k)
3754917721,0,Medical insurance
3754917721,0,Dental insurance
3754917721,0,401(k)
3754917721,0,Vision insurance
3749372738,1,Medical insurance
3749372738,1,Vision insurance
3749372738,1,Dental insurance
3749372738,1,401(k)
3755582239,1,401(k)
3755582239,1,Pension plan
3757707180,1,401(k)
3757707180,1,Disability insurance
3757738707,1,Dental insurance
3757738707,1,401(k)
3757917676,1,401(k)
3756133040,1,401(k)
3756133040,1,Dental insurance
3756133040,1,Medical insurance
3757903721,1,401(k)
3751175345,0,Medical insurance
3751175345,0,Vision insurance
3751175345,0,Dental insurance
3751175345,0,401(k)
3751175345,0,Paid maternity leave
3751175345,0,Disability insurance
3757464715,1,401(k)
3757458460,0,Medical insurance
3757458460,0,Vision insurance
3757458460,0,Dental insurance
3757458460,0,401(k)
3757458460,0,Paid paternity leave
3757458460,0,Paid maternity leave
3756138070,1,401(k)
3756138070,1,Medical insurance
3757797480,1,401(k)
3757720981,1,401(k)
3755578636,1,Tuition assistance
3755578636,1,401(k)
3757917222,1,401(k)
3757917222,1,Disability insurance
3757726979,1,401(k)
3757726979,1,Paid maternity leave
3757726979,1,Tuition assistance
3757726979,1,Disability insurance
3757487404,0,Medical insurance
3757487404,0,Dental insurance
3757487404,0,401(k)
3757701638,1,401(k)
3749903758,1,401(k)
3757481688,1,Medical insurance
3757481688,1,Vision insurance
3757481688,1,Dental insurance
3757481688,1,401(k)
3757481688,1,Tuition assistance
3757483451,1,401(k)
3757483451,1,Medical insurance
3757731211,1,Tuition assistance
3757456981,1,401(k)
3757456981,1,Medical insurance
3754976290,0,Medical insurance
3754976290,0,Vision insurance
3754976290,0,Dental insurance
3754976290,0,401(k)
3749907155,1,Vision insurance
3749907155,1,Disability insurance
3757929967,1,Dental insurance
3757929967,1,Disability insurance
3757929967,1,Medical insurance
3757929967,1,Vision insurance
3756159260,1,401(k)
3757931799,1,Dental insurance
3749366615,1,Disability insurance
3756111227,1,Disability insurance
3756111727,1,401(k)
3756107426,1,401(k)
3757723950,1,401(k)
3756139963,1,Disability insurance
3756139963,1,401(k)
3757498299,1,Pension plan
3756102736,1,Medical insurance
3756102736,1,401(k)
3757486918,1,401(k)
3757486918,1,Disability insurance
3756146940,1,401(k)
3749376018,1,Medical insurance
3749376018,1,Tuition assistance
3757797756,1,Dental insurance
3757797756,1,401(k)
3756110452,1,Medical insurance
3756110452,1,Dental insurance
3756110452,1,Vision insurance
3756110452,1,401(k)
3756116019,1,401(k)
3757493303,1,401(k)
3757481207,1,401(k)
3755587410,1,401(k)
3757742819,0,Vision insurance
3757742819,0,Dental insurance
3757742819,0,401(k)
3757742819,0,Medical insurance
3756112145,1,Disability insurance
3755593312,1,401(k)
3757776248,1,401(k)
3757776248,1,Tuition assistance
3757483697,0,Medical insurance
3757483697,0,Vision insurance
3757483697,0,Dental insurance
3757483697,0,401(k)
3756107653,1,401(k)
3749356264,1,Tuition assistance
3749356264,1,Disability insurance
3757452061,1,401(k)
3757915820,1,401(k)
3749391425,1,401(k)
3755198172,1,401(k)
3755198172,1,Vision insurance
3757486551,1,Medical insurance
3757486551,1,Disability insurance
3749368442,1,401(k)
3749368442,1,Disability insurance
3749399752,1,401(k)
3757760377,0,Medical insurance
3757760377,0,Vision insurance
3757760377,0,401(k)
3757760377,0,Dental insurance
3757916538,1,401(k)
3757916538,1,Medical insurance
3757916538,1,Dental insurance
3757916538,1,Disability insurance
3757494859,1,401(k)
3757494859,1,Vision insurance
3749350296,0,401(k)
3756151384,1,401(k)
3755148311,0,Medical insurance
3755148311,0,401(k)
3755148311,0,Dental insurance
3755148311,0,Vision insurance
3749345668,0,Medical insurance
3749345668,0,Vision insurance
3749345668,0,Dental insurance
3749345668,0,401(k)
3757728795,0,401(k)
3757728795,0,Dental insurance
3757728795,0,Vision insurance
3757728795,0,Medical insurance
3757728795,0,Disability insurance
3757728795,0,Pension plan
3757705772,1,401(k)
3757705772,1,Vision insurance
3756138719,1,Vision insurance
3757728559,1,Tuition assistance
3757484082,1,401(k)
3749390510,1,401(k)
3757460533,0,Medical insurance
3757460533,0,Vision insurance
3757460533,0,Dental insurance
3757460533,0,401(k)
3757485361,1,401(k)
3757485361,1,Tuition assistance
3749349243,1,Medical insurance
3755111365,1,Vision insurance
3755111365,1,401(k)
3757489832,1,401(k)
3755595057,1,401(k)
3757720495,0,Medical insurance
3757720495,0,Vision insurance
3757720495,0,Dental insurance
3757720495,0,401(k)
3757720495,0,Pension plan
3757720495,0,Child care support
3757720495,0,Paid maternity leave
3757720495,0,Paid paternity leave
3757720495,0,Tuition assistance
3757720495,0,Student loan assistance
3757720495,0,Commuter benefits
3757720495,0,Disability insurance
3757499725,1,401(k)
3757930914,1,401(k)
3755594700,1,401(k)
3757488972,1,401(k)
3755586633,1,401(k)
3757797002,1,401(k)
3757751131,1,Paid maternity leave
3757746649,1,Vision insurance
3756113466,1,401(k)
3757932775,1,401(k)
3728671631,1,Tuition assistance
3757462190,1,401(k)
3755576923,1,Dental insurance
3755576923,1,Pension plan
3757488520,1,Vision insurance
3756134201,1,401(k)
3754909529,0,Medical insurance
3754909529,0,Vision insurance
3754909529,0,Dental insurance
3754909529,0,401(k)
3754909529,0,Paid maternity leave
3754909529,0,Paid paternity leave
3754909529,0,Tuition assistance
3754909529,0,Disability insurance
3755578675,1,401(k)
3757733625,1,401(k)
3757468306,1,401(k)
3757468306,1,Dental insurance
3757468306,1,Medical insurance
3757468306,1,Vision insurance
3755582240,1,401(k)
3755582240,1,Pension plan
3757496142,0,Medical insurance
3757496142,0,Vision insurance
3757496142,0,Dental insurance
3757496142,0,401(k)
3757496142,1,Disability insurance
3757466321,0,Medical insurance
3757466321,0,Vision insurance
3757466321,0,Dental insurance
3757466321,0,401(k)
3757466321,0,Paid maternity leave
3757466321,0,Disability insurance
3757466321,0,Pension plan
3757466321,0,Commuter benefits
3757496454,0,Medical insurance
3757496454,0,Vision insurance
3757496454,0,Dental insurance
3757496454,0,Tuition assistance
3757496454,1,401(k)
3757775387,1,401(k)
3757741490,1,401(k)
3757741490,1,Paid paternity leave
3756147875,1,Medical insurance
3756147875,1,401(k)
3757462769,1,Disability insurance
3757462769,1,Tuition assistance
3757455970,1,Medical insurance
3755116005,0,Medical insurance
3755116005,0,Vision insurance
3755116005,0,Dental insurance
3755116005,0,401(k)
3755116005,0,Paid maternity leave
3755116005,0,Paid paternity leave
3756167096,1,Medical insurance
3757909689,1,401(k)
3749374680,1,Vision insurance
3749374680,1,401(k)
3757498127,1,401(k)
3757498127,1,Commuter benefits
3749902401,1,Pension plan
3757496768,1,Medical insurance
3757486654,1,Medical insurance
3757490461,1,Commuter benefits
3749359326,1,401(k)
3749358294,1,Vision insurance
3749358294,1,Disability insurance
3749358294,1,Tuition assistance
3755163648,1,401(k)
3756128682,0,Medical insurance
3756128682,0,Vision insurance
3756128682,0,Dental insurance
3757750034,0,Vision insurance
3757750034,0,Medical insurance
3757750034,0,Dental insurance
3757494836,0,Medical insurance
3757494836,0,Vision insurance
3757494836,0,Dental insurance
3757494836,0,401(k)
3757494836,0,Paid maternity leave
3757494836,0,Paid paternity leave
3757494836,0,Disability insurance
3757746231,0,Medical insurance
3757746231,0,Vision insurance
3757746231,0,Dental insurance
3757746231,0,401(k)
3757746231,0,Paid paternity leave
3757746231,0,Paid maternity leave
3756156386,1,401(k)
3756156386,1,Disability insurance
3757717572,0,Medical insurance
3757717572,0,Vision insurance
3757717572,0,Dental insurance
3757717572,1,401(k)
3757713045,1,Vision insurance
3757713045,1,Disability insurance
3757713045,1,401(k)
3757909542,1,401(k)
3757760103,1,Dental insurance
3757764792,1,Medical insurance
3757764792,1,401(k)
3757469156,1,401(k)
3757469156,1,Disability insurance
3757496540,1,Medical insurance
3755591512,1,Vision insurance
3755591512,1,Disability insurance
3755591512,1,401(k)
3756148719,1,401(k)
3757920116,1,401(k)
3757920116,1,Medical insurance
3757920116,1,Dental insurance
3757920116,1,Vision insurance
3757726297,1,Vision insurance
3757726297,1,401(k)
3756155672,1,401(k)
3756155672,1,Vision insurance
3756155672,1,Disability insurance
3757758539,1,Commuter benefits
3757758539,1,401(k)
3757491346,1,401(k)
3757741310,1,401(k)
3755585142,1,Medical insurance
3756108441,1,Tuition assistance
3749353979,1,401(k)
3757495912,1,401(k)
3757466867,1,401(k)
3757466867,1,Medical insurance
3757466867,1,Vision insurance
3757466867,1,Dental insurance
3757466867,1,Commuter benefits
3757458635,0,Medical insurance
3757458635,0,Vision insurance
3757458635,0,Dental insurance
3757458635,0,401(k)
3757458635,0,Commuter benefits
3757753850,1,401(k)
3757753850,1,Pension plan
3757723052,1,401(k)
3756145308,1,Disability insurance
3756145308,1,401(k)
3749357211,1,401(k)
3756146194,1,Disability insurance
3756146194,1,401(k)
3757798169,1,401(k)
3757448813,0,Medical insurance
3757448813,0,401(k)
3757448813,0,Dental insurance
3757912641,1,401(k)
3756164323,1,401(k)
3756147198,1,401(k)
3757904993,1,401(k)
3757904993,1,Vision insurance
3757735749,1,401(k)
3756166042,1,Vision insurance
3756166042,1,401(k)
3756143689,1,Disability insurance
3756143689,1,401(k)
3755584268,0,Medical insurance
3755584268,0,Vision insurance
3755584268,0,Dental insurance
3755584268,0,401(k)
3757703574,1,401(k)
3757766728,1,401(k)
3757766728,1,Commuter benefits
3756128836,1,Disability insurance
3757735631,1,Dental insurance
3757735631,1,Vision insurance
3757735631,1,Medical insurance
3757735631,1,401(k)
3757940104,1,Medical insurance
3757940104,1,Disability insurance
3757738465,1,401(k)
3757493562,1,401(k)
3757463821,1,Vision insurance
3757916691,1,401(k)
3757464323,0,Medical insurance
3757464323,0,Dental insurance
3757461439,0,Paid paternity leave
3757461439,0,Paid maternity leave
3757461439,0,Medical insurance
3757461439,0,Vision insurance
3757461439,0,Dental insurance
3757461439,0,401(k)
3757461439,0,Pension plan
3757461439,0,Disability insurance
3757494211,0,Medical insurance
3757494211,0,Vision insurance
3757494211,0,Dental insurance
3757494211,0,401(k)
3757494211,0,Disability insurance
3756111996,0,401(k)
3756778507,1,401(k)
3756778507,1,Vision insurance
3756778507,1,Disability insurance
3755583673,0,Medical insurance
3755583673,0,Vision insurance
3755583673,0,Dental insurance
3755583673,0,Pension plan
3755583673,0,Commuter benefits
3757723350,1,401(k)
3755583998,1,401(k)
3754894848,1,401(k)
3754894848,1,Disability insurance
3756113243,0,Medical insurance
3756113243,0,Vision insurance
3756113243,0,Dental insurance
3756113243,0,401(k)
3756113243,0,Paid maternity leave
3756113243,0,Paid paternity leave
3756113243,0,Commuter benefits
3756113243,0,Tuition assistance
3756113243,0,Disability insurance
3757733905,1,Vision insurance
3757733905,1,401(k)
3757912839,1,401(k)
2838489484,0,Medical insurance
2838489484,0,Vision insurance
2838489484,0,Dental insurance
2838489484,0,401(k)
2838489484,0,Paid maternity leave
3757733935,1,401(k)
3757733935,1,Disability insurance
3757733935,1,Medical insurance
3755577974,1,Medical insurance
3757495486,1,Medical insurance
3757495486,1,401(k)
3757915508,1,401(k)
3757483814,1,Vision insurance
3757750952,1,401(k)
3757750952,1,Vision insurance
3755584692,1,401(k)
3755578795,1,Medical insurance
3755578795,1,Commuter benefits
3757703501,0,Medical insurance
3757703501,0,Vision insurance
3757703501,0,Dental insurance
3757703501,0,401(k)
3757703501,0,Tuition assistance
3757703501,0,Disability insurance
3757729497,1,401(k)
3757729497,1,Tuition assistance
3756111244,1,401(k)
3749396855,1,Vision insurance
3757916425,1,401(k)
3757753533,1,401(k)
3757753533,1,Medical insurance
3757753533,1,Vision insurance
3757736491,1,401(k)
3757721433,1,Paid paternity leave
3757721433,1,Disability insurance
3757910904,1,401(k)
3757485529,0,Medical insurance
3757485529,0,Vision insurance
3757485529,0,Dental insurance
3757485529,0,401(k)
3757485529,0,Paid maternity leave
3757485529,0,Paid paternity leave
3757485529,0,Tuition assistance
3757485529,0,Disability insurance
3755113358,0,Medical insurance
3755113358,0,Vision insurance
3755113358,0,Dental insurance
3755113358,0,401(k)
3755113358,0,Disability insurance
3749356146,1,401(k)
3749356146,1,Medical insurance
3757751166,1,401(k)
3756165223,1,401(k)
3757746456,0,Medical insurance
3757746456,0,Dental insurance
3757746456,0,401(k)
3756145982,1,Disability insurance
3756145982,1,401(k)
3757739357,1,401(k)
3757739357,1,Vision insurance
3757739357,1,Disability insurance
3756105560,1,Vision insurance
3756105560,1,401(k)
3756130861,0,Medical insurance
3756130861,0,Vision insurance
3756130861,0,Dental insurance
3756130861,0,401(k)
3757483861,1,Vision insurance
3756113208,1,401(k)
3756113208,1,Tuition assistance
3757733845,1,Vision insurance
3757733845,1,401(k)
3755592304,1,401(k)
3757931926,1,401(k)
3756153048,1,401(k)
3755130077,0,Medical insurance
3755130077,0,Vision insurance
3755130077,0,Dental insurance
3755130077,0,401(k)
3757731552,1,401(k)
3757731552,1,Disability insurance
3757493289,1,401(k)
3757487720,1,Vision insurance
3757472705,1,Vision insurance
3757472705,1,Disability insurance
3755579846,1,Medical insurance
3756110120,1,401(k)
3757476684,1,401(k)
3757492966,1,401(k)
3757717634,1,Medical insurance
3757717634,1,Dental insurance
3757717634,1,401(k)
3757717634,1,Vision insurance
3756103891,1,401(k)
3756103891,1,Disability insurance
3757739053,1,401(k)
3756160170,0,Medical insurance
3756160170,0,401(k)
3756160170,0,Vision insurance
3756160170,0,Dental insurance
3749355232,1,401(k)
3749355232,1,Vision insurance
3749355232,1,Disability insurance
3749348471,0,Medical insurance
3749348471,0,401(k)
3749348471,0,Dental insurance
3749348471,0,Vision insurance
3749348471,1,Disability insurance
3757494466,1,401(k)
3757494466,1,Tuition assistance
3756161492,1,401(k)
3757492311,1,401(k)
3757747937,1,Vision insurance
3757747937,1,401(k)
3757747937,1,Disability insurance
3756108227,0,Medical insurance
3756108227,0,Vision insurance
3756108227,0,Dental insurance
3756108227,0,401(k)
3757911409,1,401(k)
3755580771,0,Medical insurance
3755580771,0,Vision insurance
3755580771,0,Dental insurance
3755580771,0,401(k)
3755580771,0,Tuition assistance
3755580771,0,Disability insurance
3756121074,1,Vision insurance
3756121074,1,401(k)
3755596185,0,Medical insurance
3755596185,0,Vision insurance
3755596185,0,Dental insurance
3755596185,0,401(k)
3755596185,0,Commuter benefits
3755596185,1,Disability insurance
3756118164,0,Medical insurance
3756118164,0,Vision insurance
3756118164,0,Dental insurance
3756118164,0,401(k)
3757918214,1,401(k)
3757492286,1,401(k)
3749361190,1,401(k)
3757483843,1,Vision insurance
3755592480,0,Medical insurance
3755592480,0,Vision insurance
3755592480,0,Dental insurance
3757753796,1,401(k)
3757753796,1,Disability insurance
3757759367,1,401(k)
3757759367,1,Vision insurance
3757739409,1,401(k)
3757743185,1,401(k)
3757472419,1,401(k)
3757472419,1,Dental insurance
3757755600,1,401(k)
3755594313,1,401(k)
3757726952,1,401(k)
3757726952,1,Vision insurance
3757462912,0,Medical insurance
3757462912,0,401(k)
3757462912,0,Dental insurance
3757462912,0,Vision insurance
3749376513,1,Medical insurance
3749376513,1,Disability insurance
3749376513,1,401(k)
3756142766,1,Disability insurance
3756142766,1,401(k)
3756152344,1,401(k)
3756152344,1,Medical insurance
3757916687,1,401(k)
3757481408,0,Medical insurance
3757481408,0,Vision insurance
3757481408,0,Dental insurance
3757481408,0,401(k)
3757481408,0,Tuition assistance
3757481408,0,Disability insurance
3749375699,1,Medical insurance
3749375699,1,Vision insurance
3749375699,1,Dental insurance
3749375699,1,401(k)
3757457375,1,401(k)
3755589302,1,401(k)
3757455326,0,Medical insurance
3757455326,0,Vision insurance
3757455326,0,Dental insurance
3757455326,0,401(k)
3757455326,0,Paid paternity leave
3757455326,0,Commuter benefits
3757455326,0,Disability insurance
3755585104,1,401(k)
3755585104,1,Pension plan
3757490162,1,Vision insurance
3755579945,0,Medical insurance
3755579945,0,Vision insurance
3755579945,0,Dental insurance
3755579945,0,401(k)
3755579945,0,Tuition assistance
3756145550,1,Medical insurance
3756145550,1,401(k)
3757465320,1,401(k)
3755593543,0,Medical insurance
3755593543,0,Vision insurance
3755593543,0,Dental insurance
3757745893,1,401(k)
3757745893,1,Dental insurance
3757745893,1,Medical insurance
3757745893,1,Vision insurance
3757752020,1,Dental insurance
3757752020,1,Vision insurance
3757752020,1,Medical insurance
3756152377,1,401(k)
3757480446,1,401(k)
3754984560,0,Medical insurance
3754984560,0,401(k)
3749366178,1,401(k)
3756106312,1,401(k)
3749379016,1,401(k)
3749379016,1,Commuter benefits
3749379016,1,Disability insurance
3756140972,1,Disability insurance
3756140972,1,401(k)
3757748310,1,401(k)
3757748310,1,Commuter benefits
3756177719,1,401(k)
3757712928,1,Medical insurance
3757712928,1,401(k)
3757911911,1,401(k)
3756110377,1,Disability insurance
3756110377,1,Tuition assistance
3755577865,1,401(k)
3755577865,1,Pension plan
3755577865,1,Disability insurance
3755577865,1,Tuition assistance
3749902110,1,Vision insurance
3756117218,0,Medical insurance
3756117218,0,Vision insurance
3756117218,0,Dental insurance
3756110416,1,401(k)
3757701816,0,Medical insurance
3757701816,0,Vision insurance
3757701816,0,Dental insurance
3757701816,0,401(k)
3757701816,0,Paid paternity leave
3757701816,0,Tuition assistance
3757701816,0,Paid maternity leave
3757701816,0,Student loan assistance
3757701816,0,Child care support
3757701816,0,Commuter benefits
3757701816,0,Disability insurance
3756150524,1,401(k)
3756150524,1,Vision insurance
3756150524,1,Disability insurance
3757915936,1,401(k)
3757915936,1,Paid paternity leave
3757915936,1,Medical insurance
3756152856,1,401(k)
3756152856,1,Disability insurance
3757914693,1,401(k)
3757773424,1,401(k)
3757773424,1,Vision insurance
3757773424,1,Disability insurance
3757912394,1,401(k)
3757753345,1,401(k)
3754877589,0,Medical insurance
3754877589,0,Vision insurance
3754877589,0,Dental insurance
3754877589,0,401(k)
3754877589,0,Paid maternity leave
3754877589,0,Paid paternity leave
3754877589,0,Commuter benefits
3754877589,0,Tuition assistance
3754877589,0,Disability insurance
3757459978,1,401(k)
3757459978,1,Vision insurance
3757730478,1,Vision insurance
3757730478,1,Disability insurance
3757730478,1,401(k)
3755589378,1,Commuter benefits
3755599133,0,Medical insurance
3755599133,0,Vision insurance
3755599133,0,Dental insurance
3755599133,0,401(k)
3757733152,1,Medical insurance
3756148222,1,401(k)
3756148222,1,Medical insurance
3757755374,1,401(k)
3757755374,1,Disability insurance
3755579910,1,Dental insurance
3755579910,1,401(k)
3757733810,0,Medical insurance
3757733810,0,Vision insurance
3757733810,0,Dental insurance
3757733810,0,401(k)
3757733810,0,Paid paternity leave
3757733810,0,Paid maternity leave
3757733810,0,Disability insurance
3755576793,0,Medical insurance
3755576793,0,Vision insurance
3755576793,0,Dental insurance
3755576793,0,401(k)
3749375714,1,Medical insurance
3757492345,1,401(k)
3749348924,1,401(k)
3749348924,1,Vision insurance
3749348924,1,Disability insurance
3757919274,1,Medical insurance
3757919274,1,Tuition assistance
3756109115,1,401(k)
3756109115,1,Dental insurance
3757911891,1,401(k)
3756111409,1,Vision insurance
3751178825,0,Medical insurance
3751178825,0,Vision insurance
3751178825,0,401(k)
3757905685,1,401(k)
3757723110,1,401(k)
3757723110,1,Disability insurance
3756118063,0,Medical insurance
3756118063,0,Vision insurance
3756118063,0,Dental insurance
3756118063,0,401(k)
3756118063,0,Paid maternity leave
3756118063,0,Child care support
3756118063,0,Pension plan
3756118063,0,Paid paternity leave
3756118063,0,Tuition assistance
3756118063,0,Disability insurance
3756153041,1,401(k)
3756167028,1,Medical insurance
3756167028,1,Dental insurance
3756167028,1,Vision insurance
3756167028,1,401(k)
3756167028,1,Disability insurance
3757487602,1,Medical insurance
3757487602,1,Disability insurance
3757740345,1,401(k)
3757740345,1,Disability insurance
3756116799,0,Medical insurance
3756116799,0,Vision insurance
3756116799,0,Dental insurance
3756116799,0,401(k)
3757908263,1,401(k)
3756177106,0,401(k)
3756177106,0,Dental insurance
3756177106,0,Medical insurance
3749371784,1,Medical insurance
3749371784,1,Vision insurance
3749371784,1,Dental insurance
3749371784,1,401(k)
3756109998,1,401(k)
3757933524,0,Medical insurance
3757933524,0,Vision insurance
3757933524,0,Dental insurance
3757933524,0,401(k)
3757933524,0,Paid maternity leave
3757471045,1,401(k)
3757471045,1,Commuter benefits
3755595051,1,401(k)
3755169152,0,Medical insurance
3755169152,0,Vision insurance
3755169152,0,Dental insurance
3755169152,0,401(k)
3756161350,1,401(k)
3756129655,0,Medical insurance
3756129655,0,Vision insurance
3756129655,0,Dental insurance
3756129655,0,401(k)
3757461177,0,Medical insurance
3757461177,0,Vision insurance
3757461177,0,Dental insurance
3757461177,0,Pension plan
3757461177,0,Paid maternity leave
3757461177,0,Paid paternity leave
3757461177,0,Student loan assistance
3757461177,0,Tuition assistance
3757461177,0,Disability insurance
3757741270,1,401(k)
3757488137,1,401(k)
3757488137,1,Medical insurance
3755188422,1,Vision insurance
3749368008,1,401(k)
3755128555,0,Medical insurance
3755128555,0,Vision insurance
3755128555,0,Dental insurance
3756108509,0,Medical insurance
3756108509,0,Vision insurance
3756108509,0,Dental insurance
3756108509,0,401(k)
3749370961,1,401(k)
3749370961,1,Medical insurance
3757460017,1,401(k)
3757700529,1,401(k)
3757710124,0,Medical insurance
3757710124,0,Vision insurance
3757710124,0,401(k)
3757499657,1,401(k)
3757499657,1,Pension plan
3757738685,1,401(k)
3757798278,1,401(k)
3757798278,1,Tuition assistance
3755592188,0,Medical insurance
3755592188,0,Vision insurance
3755592188,0,Dental insurance
3755592188,0,401(k)
3755592188,0,Paid maternity leave
3755592188,0,Paid paternity leave
3755592188,0,Disability insurance
3757731413,1,401(k)
3749909340,1,Dental insurance
3749909340,1,401(k)
3755100910,0,Medical insurance
3755100910,0,Dental insurance
3755100910,0,401(k)
3755100910,0,Commuter benefits
3757903569,1,401(k)
3749389494,1,401(k)
3749389494,1,Disability insurance
3757465164,1,401(k)
3757911650,1,401(k)
3757911650,1,Medical insurance
3757911650,1,Disability insurance
3755585691,0,Medical insurance
3755585691,0,Dental insurance
3755585691,0,401(k)
3757344633,1,401(k)
3757919574,1,Dental insurance
3757919574,1,401(k)
3749362322,1,Disability insurance
3749362322,1,Dental insurance
3749382939,1,401(k)
3757482998,1,Vision insurance
3749900626,1,401(k)
3756113372,1,Medical insurance
3756113378,1,401(k)
3756113378,1,Vision insurance
3757910740,1,Vision insurance
3757910740,1,401(k)
3749905662,1,401(k)
3756117150,0,Medical insurance
3756117150,0,Vision insurance
3756117150,0,Dental insurance
3756117150,0,401(k)
3757714955,1,Medical insurance
3757714955,1,401(k)
3749389199,1,Disability insurance
3757754703,1,401(k)
3757754703,1,Medical insurance
3757914690,1,401(k)
3757463600,0,Medical insurance
3757463600,0,Vision insurance
3757463600,0,Dental insurance
3757463600,0,401(k)
3757793649,1,401(k)
3757743386,0,Medical insurance
3757743386,0,Vision insurance
3757743386,0,Dental insurance
3757743386,0,401(k)
3756928125,1,401(k)
3756928125,1,Disability insurance
3749368569,1,Disability insurance
3757415666,1,Medical insurance
3757415666,1,401(k)
3756108920,1,401(k)
3756108920,1,Tuition assistance
3755582692,0,Medical insurance
3755582692,0,Dental insurance
3757458540,1,401(k)
3757736017,1,401(k)
3757736017,1,Vision insurance
3757736017,1,Disability insurance
3757929946,1,Vision insurance
3757929946,1,401(k)
3757707045,0,Medical insurance
3757707045,0,Vision insurance
3757707045,0,Dental insurance
3757707045,0,401(k)
3757725926,1,401(k)
3755595404,1,401(k)
3757726546,1,401(k)
3757753881,1,401(k)
3757753881,1,Pension plan
3757743401,1,Vision insurance
3757743401,1,Disability insurance
3757461037,1,401(k)
3756103840,1,Medical insurance
3757490621,0,Medical insurance
3757490621,0,Vision insurance
3757490621,0,Dental insurance
3756106318,1,401(k)
3749370146,1,401(k)
3757749209,0,Medical insurance
3757749209,0,Vision insurance
3757749209,0,Dental insurance
3757749209,0,401(k)
3757749209,0,Paid maternity leave
3757749209,0,Paid paternity leave
3756174899,1,401(k)
3757493411,1,Medical insurance
3757493411,1,401(k)
3757485745,1,401(k)
3757490898,0,Medical insurance
3757490898,0,401(k)
3757486249,0,Medical insurance
3757486249,0,Vision insurance
3757486249,0,Dental insurance
3757486249,0,401(k)
3757486249,0,Paid paternity leave
3757486249,0,Paid maternity leave
3757486249,0,Tuition assistance
3757486249,0,Student loan assistance
3757486249,0,Disability insurance
3757934256,0,Medical insurance
3757934256,0,Vision insurance
3757934256,0,Dental insurance
3757934256,0,401(k)
3757934256,0,Paid paternity leave
3757934256,0,Paid maternity leave
3757934256,0,Disability insurance
3757498232,1,Medical insurance
